[{"model": "admin.logentry", "pk": 1, "fields": {"action_time": "2023-08-01T05:55:42.619Z", "user": 1, "content_type": 7, "object_id": "1", "object_repr": "Profile object (1)", "action_flag": 1, "change_message": "[{\"added\": {}}]"}}, {"model": "admin.logentry", "pk": 2, "fields": {"action_time": "2023-08-01T05:56:14.815Z", "user": 1, "content_type": 7, "object_id": "1", "object_repr": "Profile object (1)", "action_flag": 2, "change_message": "[]"}}, {"model": "admin.logentry", "pk": 3, "fields": {"action_time": "2023-08-01T05:56:23.571Z", "user": 1, "content_type": 7, "object_id": "1", "object_repr": "Profile object (1)", "action_flag": 2, "change_message": "[]"}}, {"model": "admin.logentry", "pk": 4, "fields": {"action_time": "2023-08-01T05:57:51.252Z", "user": 1, "content_type": 7, "object_id": "1", "object_repr": "Profile object (1)", "action_flag": 2, "change_message": "[]"}}, {"model": "admin.logentry", "pk": 5, "fields": {"action_time": "2023-08-02T04:58:13.585Z", "user": 1, "content_type": 9, "object_id": "1", "object_repr": "Я на ИК - Posted", "action_flag": 1, "change_message": "[{\"added\": {}}]"}}, {"model": "admin.logentry", "pk": 6, "fields": {"action_time": "2023-08-02T04:58:52.712Z", "user": 1, "content_type": 9, "object_id": "2", "object_repr": "Бег на 10 км - Posted", "action_flag": 1, "change_message": "[{\"added\": {}}]"}}, {"model": "admin.logentry", "pk": 7, "fields": {"action_time": "2023-08-02T05:00:18.121Z", "user": 1, "content_type": 8, "object_id": "1", "object_repr": "Cпорт - 4", "action_flag": 1, "change_message": "[{\"added\": {}}]"}}, {"model": "admin.logentry", "pk": 8, "fields": {"action_time": "2023-08-02T05:00:25.851Z", "user": 1, "content_type": 8, "object_id": "2", "object_repr": "Отдых - None", "action_flag": 1, "change_message": "[{\"added\": {}}]"}}, {"model": "admin.logentry", "pk": 9, "fields": {"action_time": "2023-08-02T05:08:06.806Z", "user": 1, "content_type": 9, "object_id": "2", "object_repr": "Бег на 10 км - Posted", "action_flag": 2, "change_message": "[{\"changed\": {\"fields\": [\"\\u041a\\u0430\\u0442\\u0435\\u0433\\u043e\\u0440\\u0438\\u0438\"]}}]"}}, {"model": "admin.logentry", "pk": 10, "fields": {"action_time": "2023-08-02T05:08:11.004Z", "user": 1, "content_type": 9, "object_id": "2", "object_repr": "Бег на 10 км - Posted", "action_flag": 2, "change_message": "[]"}}, {"model": "admin.logentry", "pk": 11, "fields": {"action_time": "2023-08-02T05:08:14.393Z", "user": 1, "content_type": 9, "object_id": "1", "object_repr": "Я на ИК - Posted", "action_flag": 2, "change_message": "[{\"changed\": {\"fields\": [\"\\u041a\\u0430\\u0442\\u0435\\u0433\\u043e\\u0440\\u0438\\u0438\"]}}]"}}, {"model": "admin.logentry", "pk": 12, "fields": {"action_time": "2023-08-02T05:08:24.107Z", "user": 1, "content_type": 9, "object_id": "2", "object_repr": "Бег на 10 км - Posted", "action_flag": 2, "change_message": "[]"}}, {"model": "admin.logentry", "pk": 13, "fields": {"action_time": "2023-08-02T05:08:33.656Z", "user": 1, "content_type": 9, "object_id": "1", "object_repr": "Я на ИК - Posted", "action_flag": 2, "change_message": "[{\"changed\": {\"fields\": [\"\\u041a\\u0430\\u0442\\u0435\\u0433\\u043e\\u0440\\u0438\\u0438\"]}}]"}}, {"model": "admin.logentry", "pk": 14, "fields": {"action_time": "2023-08-02T05:08:36.307Z", "user": 1, "content_type": 9, "object_id": "1", "object_repr": "Я на ИК - Posted", "action_flag": 2, "change_message": "[]"}}, {"model": "admin.logentry", "pk": 15, "fields": {"action_time": "2023-08-02T05:43:43.493Z", "user": 1, "content_type": 9, "object_id": "2", "object_repr": "Бег на 10 км - Posted", "action_flag": 2, "change_message": "[{\"changed\": {\"fields\": [\"Photo\"]}}]"}}, {"model": "admin.logentry", "pk": 16, "fields": {"action_time": "2023-08-02T06:04:19.563Z", "user": 1, "content_type": 10, "object_id": "1", "object_repr": "Круто!", "action_flag": 1, "change_message": "[{\"added\": {}}]"}}, {"model": "admin.logentry", "pk": 17, "fields": {"action_time": "2023-08-02T06:04:22.829Z", "user": 1, "content_type": 10, "object_id": "1", "object_repr": "Круто!", "action_flag": 2, "change_message": "[]"}}, {"model": "admin.logentry", "pk": 18, "fields": {"action_time": "2023-08-03T06:04:07.025Z", "user": 1, "content_type": 7, "object_id": "1", "object_repr": "Profile object (1)", "action_flag": 2, "change_message": "[]"}}, {"model": "admin.logentry", "pk": 19, "fields": {"action_time": "2023-08-03T06:10:58.574Z", "user": 1, "content_type": 7, "object_id": "1", "object_repr": "Profile object (1)", "action_flag": 2, "change_message": "[{\"changed\": {\"fields\": [\"Description\"]}}]"}}, {"model": "admin.logentry", "pk": 20, "fields": {"action_time": "2023-08-04T04:52:57.085Z", "user": 1, "content_type": 11, "object_id": "1", "object_repr": "video_post/bandicam_2023-07-12_10-01-08-812.mp4 - 2023-08-04 04:52:57.084304+00:00", "action_flag": 1, "change_message": "[{\"added\": {}}]"}}, {"model": "admin.logentry", "pk": 21, "fields": {"action_time": "2023-08-04T04:53:09.001Z", "user": 1, "content_type": 11, "object_id": "2", "object_repr": "video_post/bandicam_2023-08-02_19-05-19-554.mp4 - 2023-08-04 04:53:09.000929+00:00", "action_flag": 1, "change_message": "[{\"added\": {}}]"}}, {"model": "admin.logentry", "pk": 22, "fields": {"action_time": "2023-08-07T04:19:04.594Z", "user": 1, "content_type": 12, "object_id": "1", "object_repr": "admin", "action_flag": 1, "change_message": "[{\"added\": {}}]"}}, {"model": "admin.logentry", "pk": 23, "fields": {"action_time": "2023-08-07T04:19:24.051Z", "user": 1, "content_type": 9, "object_id": "3", "object_repr": "test 3 - Posted", "action_flag": 1, "change_message": "[{\"added\": {}}]"}}, {"model": "admin.logentry", "pk": 24, "fields": {"action_time": "2023-08-07T04:19:27.531Z", "user": 1, "content_type": 12, "object_id": "1", "object_repr": "admin", "action_flag": 2, "change_message": "[{\"changed\": {\"fields\": [\"Saved post\"]}}]"}}, {"model": "admin.logentry", "pk": 25, "fields": {"action_time": "2023-08-07T05:37:22.121Z", "user": 1, "content_type": 4, "object_id": "2", "object_repr": "kaium", "action_flag": 1, "change_message": "[{\"added\": {}}]"}}, {"model": "admin.logentry", "pk": 26, "fields": {"action_time": "2023-08-07T05:37:58.116Z", "user": 1, "content_type": 9, "object_id": "3", "object_repr": "test 3 - Posted", "action_flag": 2, "change_message": "[{\"changed\": {\"fields\": [\"\\u0410\\u0432\\u0442\\u043e\\u0440 \\u043f\\u043e\\u0441\\u0442\\u0430\"]}}]"}}, {"model": "admin.logentry", "pk": 27, "fields": {"action_time": "2023-08-07T06:07:37.923Z", "user": 1, "content_type": 9, "object_id": "4", "object_repr": "hello world - Posted", "action_flag": 1, "change_message": "[{\"added\": {}}]"}}, {"model": "admin.logentry", "pk": 28, "fields": {"action_time": "2023-08-08T23:04:48.423Z", "user": 1, "content_type": 9, "object_id": "5", "object_repr": "test 1 - Posted", "action_flag": 2, "change_message": "[{\"changed\": {\"fields\": [\"\\u0410\\u0432\\u0442\\u043e\\u0440 \\u043f\\u043e\\u0441\\u0442\\u0430\"]}}]"}}, {"model": "admin.logentry", "pk": 29, "fields": {"action_time": "2023-08-14T04:28:35.226Z", "user": 1, "content_type": 9, "object_id": "1", "object_repr": "Я на ИК - Posted", "action_flag": 2, "change_message": "[{\"changed\": {\"fields\": [\"Photo\"]}}]"}}, {"model": "admin.logentry", "pk": 30, "fields": {"action_time": "2023-08-14T04:28:46.808Z", "user": 1, "content_type": 9, "object_id": "3", "object_repr": "test 3 - Posted", "action_flag": 2, "change_message": "[{\"changed\": {\"fields\": [\"Photo\"]}}]"}}, {"model": "admin.logentry", "pk": 31, "fields": {"action_time": "2023-08-14T04:28:55.732Z", "user": 1, "content_type": 9, "object_id": "5", "object_repr": "test 1 - Posted", "action_flag": 2, "change_message": "[{\"changed\": {\"fields\": [\"Photo\"]}}]"}}, {"model": "admin.logentry", "pk": 32, "fields": {"action_time": "2023-08-14T04:29:05.339Z", "user": 1, "content_type": 9, "object_id": "6", "object_repr": "test 2 - Posted", "action_flag": 2, "change_message": "[{\"changed\": {\"fields\": [\"Photo\"]}}]"}}, {"model": "admin.logentry", "pk": 33, "fields": {"action_time": "2023-08-14T05:04:23.270Z", "user": 1, "content_type": 9, "object_id": "9", "object_repr": "Lorem - Posted", "action_flag": 1, "change_message": "[{\"added\": {}}]"}}, {"model": "admin.logentry", "pk": 34, "fields": {"action_time": "2023-08-14T06:00:29.811Z", "user": 1, "content_type": 9, "object_id": "9", "object_repr": "Lorem - Posted", "action_flag": 2, "change_message": "[{\"changed\": {\"fields\": [\"\\u041a\\u0430\\u0442\\u0435\\u0433\\u043e\\u0440\\u0438\\u0438\"]}}]"}}, {"model": "admin.logentry", "pk": 35, "fields": {"action_time": "2023-08-15T04:26:32.040Z", "user": 1, "content_type": 7, "object_id": "2", "object_repr": "Profile object (2)", "action_flag": 1, "change_message": "[{\"added\": {}}]"}}, {"model": "admin.logentry", "pk": 36, "fields": {"action_time": "2023-08-15T04:26:42.204Z", "user": 1, "content_type": 7, "object_id": "3", "object_repr": "Profile object (3)", "action_flag": 1, "change_message": "[{\"added\": {}}]"}}, {"model": "admin.logentry", "pk": 37, "fields": {"action_time": "2023-08-15T04:37:43.520Z", "user": 1, "content_type": 9, "object_id": "7", "object_repr": "test 4 - Posted", "action_flag": 2, "change_message": "[{\"changed\": {\"fields\": [\"\\u0410\\u0432\\u0442\\u043e\\u0440 \\u043f\\u043e\\u0441\\u0442\\u0430\"]}}]"}}, {"model": "admin.logentry", "pk": 38, "fields": {"action_time": "2023-08-15T05:07:38.583Z", "user": 1, "content_type": 7, "object_id": "2", "object_repr": "Profile object (2)", "action_flag": 2, "change_message": "[{\"changed\": {\"fields\": [\"Subscribers\"]}}]"}}, {"model": "admin.logentry", "pk": 39, "fields": {"action_time": "2023-08-15T05:28:47.477Z", "user": 1, "content_type": 7, "object_id": "2", "object_repr": "Profile object (2)", "action_flag": 2, "change_message": "[{\"changed\": {\"fields\": [\"Subscribers\"]}}]"}}, {"model": "admin.logentry", "pk": 40, "fields": {"action_time": "2023-08-16T04:48:06.954Z", "user": 1, "content_type": 13, "object_id": "1", "object_repr": "Пользователь test подписался на вас", "action_flag": 1, "change_message": "[{\"added\": {}}]"}}, {"model": "admin.logentry", "pk": 41, "fields": {"action_time": "2023-08-16T04:48:26.944Z", "user": 1, "content_type": 13, "object_id": "2", "object_repr": "Вы успешно получили первое уведомление!", "action_flag": 1, "change_message": "[{\"added\": {}}]"}}, {"model": "admin.logentry", "pk": 42, "fields": {"action_time": "2023-08-16T05:31:18.092Z", "user": 1, "content_type": 13, "object_id": "2", "object_repr": "Вы успешно получили первое уведомление!", "action_flag": 2, "change_message": "[{\"changed\": {\"fields\": [\"Is showed\"]}}]"}}, {"model": "admin.logentry", "pk": 43, "fields": {"action_time": "2023-08-17T05:56:12.607Z", "user": 1, "content_type": 11, "object_id": "2", "object_repr": "video_post/bandicam_2023-08-02_19-05-19-554.mp4 - 2023-08-04 04:53:09.000929+00:00", "action_flag": 2, "change_message": "[{\"changed\": {\"fields\": [\"\\u041f\\u0440\\u043e\\u0441\\u043c\\u043e\\u0442\\u0440\\u044b\", \"Viewed users\"]}}]"}}, {"model": "admin.logentry", "pk": 44, "fields": {"action_time": "2023-08-17T06:30:13.659Z", "user": 1, "content_type": 7, "object_id": "4", "object_repr": "Profile object (4)", "action_flag": 3, "change_message": ""}}, {"model": "admin.logentry", "pk": 45, "fields": {"action_time": "2023-08-17T06:32:36.875Z", "user": 1, "content_type": 7, "object_id": "5", "object_repr": "Profile object (5)", "action_flag": 3, "change_message": ""}}, {"model": "admin.logentry", "pk": 46, "fields": {"action_time": "2023-08-18T04:39:12.688Z", "user": 1, "content_type": 9, "object_id": "10", "object_repr": "test post - Posted", "action_flag": 2, "change_message": "[{\"changed\": {\"fields\": [\"\\u0410\\u0432\\u0442\\u043e\\u0440 \\u043f\\u043e\\u0441\\u0442\\u0430\"]}}]"}}, {"model": "admin.logentry", "pk": 47, "fields": {"action_time": "2023-08-18T04:56:39.953Z", "user": 1, "content_type": 11, "object_id": "3", "object_repr": "video_post/bandicam_2023-07-12_10-01-08-812_gUv7F56.mp4 - 2023-08-10 03:22:13.903199+00:00", "action_flag": 2, "change_message": "[{\"changed\": {\"fields\": [\"Description\"]}}]"}}, {"model": "admin.logentry", "pk": 48, "fields": {"action_time": "2023-08-18T06:05:29.237Z", "user": 1, "content_type": 3, "object_id": "1", "object_repr": "админы", "action_flag": 1, "change_message": "[{\"added\": {}}]"}}, {"model": "admin.logentry", "pk": 49, "fields": {"action_time": "2023-08-23T05:36:52.226Z", "user": 1, "content_type": 11, "object_id": "1", "object_repr": "video_post/bandicam_2023-07-12_10-01-08-812.mp4 - 2023-08-04 04:52:57.084304+00:00", "action_flag": 2, "change_message": "[{\"changed\": {\"fields\": [\"\\u0410\\u0432\\u0442\\u043e\\u0440\"]}}]"}}, {"model": "admin.logentry", "pk": 50, "fields": {"action_time": "2023-08-25T04:23:09.249Z", "user": 1, "content_type": 9, "object_id": "11", "object_repr": "test пост с автором - Posted", "action_flag": 2, "change_message": "[{\"changed\": {\"fields\": [\"Description\"]}}]"}}, {"model": "admin.logentry", "pk": 51, "fields": {"action_time": "2023-08-25T04:29:10.577Z", "user": 1, "content_type": 4, "object_id": "2", "object_repr": "kaium", "action_flag": 2, "change_message": "[{\"changed\": {\"fields\": [\"First name\"]}}]"}}, {"model": "admin.logentry", "pk": 52, "fields": {"action_time": "2023-08-25T04:30:31.277Z", "user": 1, "content_type": 9, "object_id": "9", "object_repr": "Lorem - Posted", "action_flag": 2, "change_message": "[{\"changed\": {\"fields\": [\"Description\"]}}]"}}, {"model": "admin.logentry", "pk": 53, "fields": {"action_time": "2023-08-25T04:40:01.157Z", "user": 1, "content_type": 9, "object_id": "1", "object_repr": "Я на ИК - Posted", "action_flag": 2, "change_message": "[{\"changed\": {\"name\": \"\\u041a\\u043e\\u043c\\u043c\\u0435\\u043d\\u0442\\u0430\\u0440\\u0438\\u0439\", \"object\": \"Hello world\", \"fields\": [\"Likes qty\"]}}]"}}, {"model": "admin.logentry", "pk": 54, "fields": {"action_time": "2023-08-25T04:57:43.098Z", "user": 1, "content_type": 9, "object_id": "8", "object_repr": "test 5 - Unposted", "action_flag": 2, "change_message": "[{\"changed\": {\"fields\": [\"Status\"]}}]"}}, {"model": "auth.permission", "pk": 1, "fields": {"name": "Can add log entry", "content_type": 1, "codename": "add_logentry"}}, {"model": "auth.permission", "pk": 2, "fields": {"name": "Can change log entry", "content_type": 1, "codename": "change_logentry"}}, {"model": "auth.permission", "pk": 3, "fields": {"name": "Can delete log entry", "content_type": 1, "codename": "delete_logentry"}}, {"model": "auth.permission", "pk": 4, "fields": {"name": "Can view log entry", "content_type": 1, "codename": "view_logentry"}}, {"model": "auth.permission", "pk": 5, "fields": {"name": "Can add permission", "content_type": 2, "codename": "add_permission"}}, {"model": "auth.permission", "pk": 6, "fields": {"name": "Can change permission", "content_type": 2, "codename": "change_permission"}}, {"model": "auth.permission", "pk": 7, "fields": {"name": "Can delete permission", "content_type": 2, "codename": "delete_permission"}}, {"model": "auth.permission", "pk": 8, "fields": {"name": "Can view permission", "content_type": 2, "codename": "view_permission"}}, {"model": "auth.permission", "pk": 9, "fields": {"name": "Can add group", "content_type": 3, "codename": "add_group"}}, {"model": "auth.permission", "pk": 10, "fields": {"name": "Can change group", "content_type": 3, "codename": "change_group"}}, {"model": "auth.permission", "pk": 11, "fields": {"name": "Can delete group", "content_type": 3, "codename": "delete_group"}}, {"model": "auth.permission", "pk": 12, "fields": {"name": "Can view group", "content_type": 3, "codename": "view_group"}}, {"model": "auth.permission", "pk": 13, "fields": {"name": "Can add user", "content_type": 4, "codename": "add_user"}}, {"model": "auth.permission", "pk": 14, "fields": {"name": "Can change user", "content_type": 4, "codename": "change_user"}}, {"model": "auth.permission", "pk": 15, "fields": {"name": "Can delete user", "content_type": 4, "codename": "delete_user"}}, {"model": "auth.permission", "pk": 16, "fields": {"name": "Can view user", "content_type": 4, "codename": "view_user"}}, {"model": "auth.permission", "pk": 17, "fields": {"name": "Can add content type", "content_type": 5, "codename": "add_contenttype"}}, {"model": "auth.permission", "pk": 18, "fields": {"name": "Can change content type", "content_type": 5, "codename": "change_contenttype"}}, {"model": "auth.permission", "pk": 19, "fields": {"name": "Can delete content type", "content_type": 5, "codename": "delete_contenttype"}}, {"model": "auth.permission", "pk": 20, "fields": {"name": "Can view content type", "content_type": 5, "codename": "view_contenttype"}}, {"model": "auth.permission", "pk": 21, "fields": {"name": "Can add session", "content_type": 6, "codename": "add_session"}}, {"model": "auth.permission", "pk": 22, "fields": {"name": "Can change session", "content_type": 6, "codename": "change_session"}}, {"model": "auth.permission", "pk": 23, "fields": {"name": "Can delete session", "content_type": 6, "codename": "delete_session"}}, {"model": "auth.permission", "pk": 24, "fields": {"name": "Can view session", "content_type": 6, "codename": "view_session"}}, {"model": "auth.permission", "pk": 25, "fields": {"name": "Can add profile", "content_type": 7, "codename": "add_profile"}}, {"model": "auth.permission", "pk": 26, "fields": {"name": "Can change profile", "content_type": 7, "codename": "change_profile"}}, {"model": "auth.permission", "pk": 27, "fields": {"name": "Can delete profile", "content_type": 7, "codename": "delete_profile"}}, {"model": "auth.permission", "pk": 28, "fields": {"name": "Can view profile", "content_type": 7, "codename": "view_profile"}}, {"model": "auth.permission", "pk": 29, "fields": {"name": "Can add Пост", "content_type": 8, "codename": "add_category"}}, {"model": "auth.permission", "pk": 30, "fields": {"name": "Can change Пост", "content_type": 8, "codename": "change_category"}}, {"model": "auth.permission", "pk": 31, "fields": {"name": "Can delete Пост", "content_type": 8, "codename": "delete_category"}}, {"model": "auth.permission", "pk": 32, "fields": {"name": "Can view Пост", "content_type": 8, "codename": "view_category"}}, {"model": "auth.permission", "pk": 33, "fields": {"name": "Can add post", "content_type": 9, "codename": "add_post"}}, {"model": "auth.permission", "pk": 34, "fields": {"name": "Can change post", "content_type": 9, "codename": "change_post"}}, {"model": "auth.permission", "pk": 35, "fields": {"name": "Can delete post", "content_type": 9, "codename": "delete_post"}}, {"model": "auth.permission", "pk": 36, "fields": {"name": "Can view post", "content_type": 9, "codename": "view_post"}}, {"model": "auth.permission", "pk": 37, "fields": {"name": "Can add Комментарий", "content_type": 10, "codename": "add_comment"}}, {"model": "auth.permission", "pk": 38, "fields": {"name": "Can change Комментарий", "content_type": 10, "codename": "change_comment"}}, {"model": "auth.permission", "pk": 39, "fields": {"name": "Can delete Комментарий", "content_type": 10, "codename": "delete_comment"}}, {"model": "auth.permission", "pk": 40, "fields": {"name": "Can view Комментарий", "content_type": 10, "codename": "view_comment"}}, {"model": "auth.permission", "pk": 41, "fields": {"name": "Can add Видео", "content_type": 11, "codename": "add_short"}}, {"model": "auth.permission", "pk": 42, "fields": {"name": "Can change Видео", "content_type": 11, "codename": "change_short"}}, {"model": "auth.permission", "pk": 43, "fields": {"name": "Can delete Видео", "content_type": 11, "codename": "delete_short"}}, {"model": "auth.permission", "pk": 44, "fields": {"name": "Can view Видео", "content_type": 11, "codename": "view_short"}}, {"model": "auth.permission", "pk": 45, "fields": {"name": "Can add saved post", "content_type": 12, "codename": "add_savedposts"}}, {"model": "auth.permission", "pk": 46, "fields": {"name": "Can change saved post", "content_type": 12, "codename": "change_savedposts"}}, {"model": "auth.permission", "pk": 47, "fields": {"name": "Can delete saved post", "content_type": 12, "codename": "delete_savedposts"}}, {"model": "auth.permission", "pk": 48, "fields": {"name": "Can view saved post", "content_type": 12, "codename": "view_savedposts"}}, {"model": "auth.permission", "pk": 49, "fields": {"name": "Can add notification", "content_type": 13, "codename": "add_notification"}}, {"model": "auth.permission", "pk": 50, "fields": {"name": "Can change notification", "content_type": 13, "codename": "change_notification"}}, {"model": "auth.permission", "pk": 51, "fields": {"name": "Can delete notification", "content_type": 13, "codename": "delete_notification"}}, {"model": "auth.permission", "pk": 52, "fields": {"name": "Can view notification", "content_type": 13, "codename": "view_notification"}}, {"model": "auth.group", "pk": 1, "fields": {"name": "админы", "permissions": [1, 2, 3, 4, 9]}}, {"model": "auth.user", "pk": 1, "fields": {"password": "pbkdf2_sha256$600000$CRjvCtsWdZo4Gdx05sgfLG$ggDCUsNR3vU/HRk/qEEm2BIUw8YVy+GBFFkayeI8PoQ=", "last_login": "2023-08-25T04:15:38.264Z", "is_superuser": true, "username": "admin", "first_name": "", "last_name": "", "email": "", "is_staff": true, "is_active": true, "date_joined": "2023-08-01T04:30:56.081Z", "groups": [], "user_permissions": []}}, {"model": "auth.user", "pk": 2, "fields": {"password": "pbkdf2_sha256$600000$bx2ssDNXhpsLFqxXPNzlXF$6KJXx/aIlYhOp2Pm7CNsbjw5UF8PQOtJZv0LQ6gnLj4=", "last_login": null, "is_superuser": false, "username": "kaium", "first_name": "Каюм", "last_name": "", "email": "", "is_staff": false, "is_active": true, "date_joined": "2023-08-07T05:37:21Z", "groups": [], "user_permissions": []}}, {"model": "auth.user", "pk": 3, "fields": {"password": "pbkdf2_sha256$600000$GxzScFvMH3rljAxxL67Ynm$yUhXnS5s8I6JZnqYo7KV7ZUbyM+zGW75MMMyapnARt0=", "last_login": "2023-08-17T04:59:01.587Z", "is_superuser": false, "username": "test1", "first_name": "test1", "last_name": "Тестов", "email": "test1@gmail.com", "is_staff": false, "is_active": true, "date_joined": "2023-08-11T04:39:03.158Z", "groups": [], "user_permissions": []}}, {"model": "auth.user", "pk": 4, "fields": {"password": "pbkdf2_sha256$600000$riWFqSJ8d8DYULzSgcd9Yp$VP9jn0xgMrx2aFZHncDc7RTINgKA2OE7+hm4IdmUrOI=", "last_login": "2023-08-17T06:08:38.835Z", "is_superuser": false, "username": "test2", "first_name": "", "last_name": "", "email": "", "is_staff": false, "is_active": true, "date_joined": "2023-08-17T06:06:44.202Z", "groups": [], "user_permissions": []}}, {"model": "contenttypes.contenttype", "pk": 1, "fields": {"app_label": "admin", "model": "logentry"}}, {"model": "contenttypes.contenttype", "pk": 2, "fields": {"app_label": "auth", "model": "permission"}}, {"model": "contenttypes.contenttype", "pk": 3, "fields": {"app_label": "auth", "model": "group"}}, {"model": "contenttypes.contenttype", "pk": 4, "fields": {"app_label": "auth", "model": "user"}}, {"model": "contenttypes.contenttype", "pk": 5, "fields": {"app_label": "contenttypes", "model": "contenttype"}}, {"model": "contenttypes.contenttype", "pk": 6, "fields": {"app_label": "sessions", "model": "session"}}, {"model": "contenttypes.contenttype", "pk": 7, "fields": {"app_label": "core", "model": "profile"}}, {"model": "contenttypes.contenttype", "pk": 8, "fields": {"app_label": "core", "model": "category"}}, {"model": "contenttypes.contenttype", "pk": 9, "fields": {"app_label": "core", "model": "post"}}, {"model": "contenttypes.contenttype", "pk": 10, "fields": {"app_label": "core", "model": "comment"}}, {"model": "contenttypes.contenttype", "pk": 11, "fields": {"app_label": "core", "model": "short"}}, {"model": "contenttypes.contenttype", "pk": 12, "fields": {"app_label": "core", "model": "savedposts"}}, {"model": "contenttypes.contenttype", "pk": 13, "fields": {"app_label": "core", "model": "notification"}}, {"model": "sessions.session", "pk": "3e26cwpxl5tf4bxxubtluztmy31gxhn5", "fields": {"session_data": ".eJxVjDsOwjAQBe_iGlnr38ahpOcMlr1r4wBypDipEHeHSCmgfTPzXiLEba1h63kJE4uzUOL0u6VIj9x2wPfYbrOkua3LlOSuyIN2eZ05Py-H-3dQY6_fGsmWYkftkkYPyvhoMMOIlkgzgXIOoJDSMKghQ3FYmI3xwN54jRDF-wPAezbR:1qZOEU:bcIDnyE3I7pUOLnyxvwntdhYAIn5LL3h3BN-ThFCAVI", "expire_date": "2023-09-08T04:15:38.267Z"}}, {"model": "sessions.session", "pk": "3iift35yiuuhgchhvz0uafa4dhi6s05k", "fields": {"session_data": ".eJxVjDsOwjAQBe_iGlnrxL9Q0ucM1trexQHkSHFSIe5OIqWA9s3Me4uA21rC1mgJUxZXocXld4uYnlQPkB9Y77NMc12XKcpDkSdtcpwzvW6n-3dQsJW9RsXREnpg1jYn2yfN4Dtm4ztSyvnUIxiwdiDnXQTQsFsaB-M8O6XE5wvxyTd8:1qWWBS:Lnk_OtJhsuY7G9mfTkTsv2E94-pIQmWPgiNcgcUEp9k", "expire_date": "2023-08-31T06:08:38.841Z"}}, {"model": "sessions.session", "pk": "3lv9v03lwpoodpzhdzoqvj16va4vi7hg", "fields": {"session_data": ".eJxVjDsOwjAQBe_iGlnr38ahpOcMlr1r4wBypDipEHeHSCmgfTPzXiLEba1h63kJE4uzUOL0u6VIj9x2wPfYbrOkua3LlOSuyIN2eZ05Py-H-3dQY6_fGsmWYkftkkYPyvhoMMOIlkgzgXIOoJDSMKghQ3FYmI3xwN54jRDF-wPAezbR:1qRPzR:ddJR2W6UWsTaK53uYdXuoC5aOe5TSbeOJyoT8jNYE8Y", "expire_date": "2023-08-17T04:31:09.418Z"}}, {"model": "sessions.session", "pk": "6k0aigbdrnawkhjv0tqouz89si5bxu9i", "fields": {"session_data": ".eJxVjDsOwjAQBe_iGlnr38ahpOcMlr1r4wBypDipEHeHSCmgfTPzXiLEba1h63kJE4uzUOL0u6VIj9x2wPfYbrOkua3LlOSuyIN2eZ05Py-H-3dQY6_fGsmWYkftkkYPyvhoMMOIlkgzgXIOoJDSMKghQ3FYmI3xwN54jRDF-wPAezbR:1qRRAL:56UOd4j4aR1VnNVRBNdHcwvn5OlqKFYvPSLoQmyy7_w", "expire_date": "2023-08-17T05:46:29.217Z"}}, {"model": "sessions.session", "pk": "7egs0twj48znf951vy1xkytx2fv929z0", "fields": {"session_data": ".eJxVjDsOwjAQBe_iGlnr38ahpOcMlr1r4wBypDipEHeHSCmgfTPzXiLEba1h63kJE4uzUOL0u6VIj9x2wPfYbrOkua3LlOSuyIN2eZ05Py-H-3dQY6_fGsmWYkftkkYPyvhoMMOIlkgzgXIOoJDSMKghQ3FYmI3xwN54jRDF-wPAezbR:1qTUwY:l0IdCq-QicHUAjELAdBxogoDuk1SY9bIY0wpe1wPnvU", "expire_date": "2023-08-22T22:12:46.256Z"}}, {"model": "sessions.session", "pk": "9pxan9ftn3ksx3fwr5t4ql3vu9xo64sy", "fields": {"session_data": ".eJxVjDsOwjAQBe_iGlnr38ahpOcMlr1r4wBypDipEHeHSCmgfTPzXiLEba1h63kJE4uzUOL0u6VIj9x2wPfYbrOkua3LlOSuyIN2eZ05Py-H-3dQY6_fGsmWYkftkkYPyvhoMMOIlkgzgXIOoJDSMKghQ3FYmI3xwN54jRDF-wPAezbR:1qVlQX:Vs9_vhPBxIjHKVCcgJOgqOStF6yckXRL1OltvA7Ugl4", "expire_date": "2023-08-29T04:13:05.764Z"}}, {"model": "sessions.session", "pk": "a8akeauxktsu4l3leyrimv1tsp7xg136", "fields": {"session_data": ".eJxVjDsOwjAQBe_iGlnr38ahpOcMlr1r4wBypDipEHeHSCmgfTPzXiLEba1h63kJE4uzUOL0u6VIj9x2wPfYbrOkua3LlOSuyIN2eZ05Py-H-3dQY6_fGsmWYkftkkYPyvhoMMOIlkgzgXIOoJDSMKghQ3FYmI3xwN54jRDF-wPAezbR:1qR3sV:scH5WWtP6EIgnvy64QemBxJmpxScnkt7RIa8vL8Sbxo", "expire_date": "2023-08-16T04:54:31.680Z"}}, {"model": "sessions.session", "pk": "az5btiuept0i0a0qb6ky609ta27e5wft", "fields": {"session_data": ".eJxVjDsOwjAQBe_iGlnr38ahpOcMlr1r4wBypDipEHeHSCmgfTPzXiLEba1h63kJE4uzUOL0u6VIj9x2wPfYbrOkua3LlOSuyIN2eZ05Py-H-3dQY6_fGsmWYkftkkYPyvhoMMOIlkgzgXIOoJDSMKghQ3FYmI3xwN54jRDF-wPAezbR:1qTw39:Ug27GD2meRsC1XXpgBjd_9GQXlB11PBgqgEWLZOnbNM", "expire_date": "2023-08-24T03:09:23.053Z"}}, {"model": "sessions.session", "pk": "cpl9o9tuwrxm966ceau7sipbwt7scl6m", "fields": {"session_data": ".eJxVjDsOwjAQBe_iGlnr38ahpOcMlr1r4wBypDipEHeHSCmgfTPzXiLEba1h63kJE4uzUOL0u6VIj9x2wPfYbrOkua3LlOSuyIN2eZ05Py-H-3dQY6_fGsmWYkftkkYPyvhoMMOIlkgzgXIOoJDSMKghQ3FYmI3xwN54jRDF-wPAezbR:1qQiKI:rTNYBvyyFwdDtLDPS_KzmaEo2GhH2ihA-dEEcsRGMls", "expire_date": "2023-08-15T05:53:46.698Z"}}, {"model": "sessions.session", "pk": "cvh002p64dh4sm292mqxqoflh36bvha2", "fields": {"session_data": ".eJxVjDsOwjAQBe_iGlnr38ahpOcMlr1r4wBypDipEHeHSCmgfTPzXiLEba1h63kJE4uzUOL0u6VIj9x2wPfYbrOkua3LlOSuyIN2eZ05Py-H-3dQY6_fGsmWYkftkkYPyvhoMMOIlkgzgXIOoJDSMKghQ3FYmI3xwN54jRDF-wPAezbR:1qYfsB:GyDAl_S_B0ynh76m4k1pVkOBECoAbJRttcb0b8xFhO0", "expire_date": "2023-09-06T04:53:39.977Z"}}, {"model": "sessions.session", "pk": "d1dt7vob5sbh6rcqvu9q0yckwg3xn0lw", "fields": {"session_data": ".eJxVjDsOwjAQBe_iGlnr38ahpOcMlr1r4wBypDipEHeHSCmgfTPzXiLEba1h63kJE4uzUOL0u6VIj9x2wPfYbrOkua3LlOSuyIN2eZ05Py-H-3dQY6_fGsmWYkftkkYPyvhoMMOIlkgzgXIOoJDSMKghQ3FYmI3xwN54jRDF-wPAezbR:1qWr0j:m4bVEs7mXIpzi4xkHUx_r6AQZFX5_OvcmlOoikY6dDk", "expire_date": "2023-09-01T04:22:57.045Z"}}, {"model": "sessions.session", "pk": "etf8gdhbkfd2b8f3onx5570j2y681sct", "fields": {"session_data": ".eJxVjDsOwjAQBe_iGlnr38ahpOcMlr1r4wBypDipEHeHSCmgfTPzXiLEba1h63kJE4uzUOL0u6VIj9x2wPfYbrOkua3LlOSuyIN2eZ05Py-H-3dQY6_fGsmWYkftkkYPyvhoMMOIlkgzgXIOoJDSMKghQ3FYmI3xwN54jRDF-wPAezbR:1qVPBW:dqXYkkWAE926ISWmd3nTWSejsQXjfagUVZjkMXbXH2A", "expire_date": "2023-08-28T04:28:06.720Z"}}, {"model": "sessions.session", "pk": "fugwlzt4kpbp0joxwewadaohypdqpyvc", "fields": {"session_data": ".eJxVjDsOwjAQBe_iGlnr38ahpOcMlr1r4wBypDipEHeHSCmgfTPzXiLEba1h63kJE4uzUOL0u6VIj9x2wPfYbrOkua3LlOSuyIN2eZ05Py-H-3dQY6_fGsmWYkftkkYPyvhoMMOIlkgzgXIOoJDSMKghQ3FYmI3xwN54jRDF-wPAezbR:1qUL12:zunOpzVHQm9JFIr9VWxYv4gkt8xNJx9yBeuAKvQDJUE", "expire_date": "2023-08-25T05:48:52.720Z"}}, {"model": "sessions.session", "pk": "ijsicr9m4ticrunjg9b4ge9xjgme4bm0", "fields": {"session_data": ".eJxVjDsOwjAQBe_iGlnr38ahpOcMlr1r4wBypDipEHeHSCmgfTPzXiLEba1h63kJE4uzUOL0u6VIj9x2wPfYbrOkua3LlOSuyIN2eZ05Py-H-3dQY6_fGsmWYkftkkYPyvhoMMOIlkgzgXIOoJDSMKghQ3FYmI3xwN54jRDF-wPAezbR:1qW7y5:MlZFc6vUe-4u8T8_-DDG6T8JhMX6K1Pv7UxSE-6SKUw", "expire_date": "2023-08-30T04:17:13.437Z"}}, {"model": "sessions.session", "pk": "mbuw6bmgs8sel36a4pjuvldrw9o2ocos", "fields": {"session_data": ".eJxVjDsOwjAQBe_iGlnr38ahpOcMlr1r4wBypDipEHeHSCmgfTPzXiLEba1h63kJE4uzUOL0u6VIj9x2wPfYbrOkua3LlOSuyIN2eZ05Py-H-3dQY6_fGsmWYkftkkYPyvhoMMOIlkgzgXIOoJDSMKghQ3FYmI3xwN54jRDF-wPAezbR:1qWWA8:DDAEGpBGof-Td5E5Sq0GvNCHIfoKlb_CG6xbkArGz3Q", "expire_date": "2023-08-31T06:07:16.621Z"}}, {"model": "sessions.session", "pk": "ntz41zogbvcn3c4aw7bsh9u7716bnqzr", "fields": {"session_data": ".eJxVjDsOwjAQBe_iGlnr38ahpOcMlr1r4wBypDipEHeHSCmgfTPzXiLEba1h63kJE4uzUOL0u6VIj9x2wPfYbrOkua3LlOSuyIN2eZ05Py-H-3dQY6_fGsmWYkftkkYPyvhoMMOIlkgzgXIOoJDSMKghQ3FYmI3xwN54jRDF-wPAezbR:1qYIad:FbAHShK6ypnCFuLQMBl2icBZ2vghmv5UN15pHmxBBFc", "expire_date": "2023-09-05T04:01:59.394Z"}}, {"model": "sessions.session", "pk": "rasfhuk6vh7kc1r88eyz3csu0hcu3cb8", "fields": {"session_data": ".eJxVjDsOwjAQBe_iGlnr38ahpOcMlr1r4wBypDipEHeHSCmgfTPzXiLEba1h63kJE4uzUOL0u6VIj9x2wPfYbrOkua3LlOSuyIN2eZ05Py-H-3dQY6_fGsmWYkftkkYPyvhoMMOIlkgzgXIOoJDSMKghQ3FYmI3xwN54jRDF-wPAezbR:1qZ3we:67dmrQiidWZxooyKyRafxfhKQ6ssbZllbsilPMzr8CQ", "expire_date": "2023-09-07T06:35:52.821Z"}}, {"model": "sessions.session", "pk": "yggqro3huai3vutpmexjseerzain0fw1", "fields": {"session_data": ".eJxVjEsOwjAMBe-SNYqSmtYpS_Y9Q-TYLimgROpnhbg7VOoCtm9m3stE2tYct0XnOIm5GDCn3y0RP7TsQO5UbtVyLes8Jbsr9qCLHaro83q4fweZlvytG-mQ-exTcNCSNI5RAioDMnkkVQ_gEfskoQdJQISAfnRjG4IbtTPvD-ngOAQ:1qW9EW:iS6Ak6XgshYZV1o3_hbkE08SWtuCNZ-6-y4TI2_pc-M", "expire_date": "2023-08-30T05:38:16.233Z"}}, {"model": "sessions.session", "pk": "ywuydrarnrrkmcwkv2hf5u5f3sco5lfz", "fields": {"session_data": ".eJxVjDsOwjAQBe_iGlnr38ahpOcMlr1r4wBypDipEHeHSCmgfTPzXiLEba1h63kJE4uzUOL0u6VIj9x2wPfYbrOkua3LlOSuyIN2eZ05Py-H-3dQY6_fGsmWYkftkkYPyvhoMMOIlkgzgXIOoJDSMKghQ3FYmI3xwN54jRDF-wPAezbR:1qTEje:CbthK0HwqvwKldnDpqq_3meep9Ejqqf4YJehq9gaJ9Y", "expire_date": "2023-08-22T04:54:22.016Z"}}, {"model": "core.profile", "pk": 1, "fields": {"user": 1, "nickname": "odmen", "description": "Каюм, python + django developer\r\ntest test", "photo": "", "link_fb": null, "whatsapp": null, "telegram": null, "subscribers": [3]}}, {"model": "core.profile", "pk": 2, "fields": {"user": 2, "nickname": "kai", "description": "", "photo": "", "link_fb": null, "whatsapp": null, "telegram": null, "subscribers": [1, 3]}}, {"model": "core.profile", "pk": 3, "fields": {"user": 3, "nickname": "test_user", "description": "", "photo": "", "link_fb": null, "whatsapp": null, "telegram": null, "subscribers": []}}, {"model": "core.profile", "pk": 6, "fields": {"user": 4, "nickname": "testTwo", "description": "testTwo", "photo": "profile_photo/5107-main.jpg", "link_fb": "testTwo", "whatsapp": null, "telegram": null, "subscribers": []}}, {"model": "core.post", "pk": 1, "fields": {"name": "Я на ИК", "description": "lorem ipsum", "photo": "post_images/p1_dCMownj.jpg", "status": "Posted", "creator": 1, "likes": 23, "category": []}}, {"model": "core.post", "pk": 2, "fields": {"name": "Бег на 10 км", "description": "Бег на 10 км\r\nБег на 10 км\r\nБег на 10 км", "photo": "post_images/C288253A-06CB-43C3-8D73-CBDAC454D8E9.png", "status": "Posted", "creator": 1, "likes": 0, "category": [1, 2]}}, {"model": "core.post", "pk": 3, "fields": {"name": "test 3", "description": "test 3", "photo": "post_images/Untitled_CBHIXS2.png", "status": "Posted", "creator": 2, "likes": 16, "category": [1]}}, {"model": "core.post", "pk": 4, "fields": {"name": "hello world", "description": "hello world", "photo": "post_images/bandicam_2023-08-07_10-21-17-011.jpg", "status": "Posted", "creator": 1, "likes": 17, "category": [2]}}, {"model": "core.post", "pk": 5, "fields": {"name": "test 1", "description": "hello world", "photo": "post_images/p1_iF3bEAH.jpg", "status": "Posted", "creator": 1, "likes": 0, "category": []}}, {"model": "core.post", "pk": 7, "fields": {"name": "test 4", "description": "test 4test 4", "photo": "post_images/p1.jpg", "status": "Posted", "creator": 2, "likes": 0, "category": []}}, {"model": "core.post", "pk": 8, "fields": {"name": "test 5", "description": "test 5", "photo": "post_images/Untitled.png", "status": "Unposted", "creator": 1, "likes": 0, "category": []}}, {"model": "core.post", "pk": 9, "fields": {"name": "Lorem", "description": "asdfasdfasdf\r\nКаюм", "photo": "post_images/1716.0x500.webp", "status": "Posted", "creator": 1, "likes": 0, "category": [1, 2]}}, {"model": "core.post", "pk": 11, "fields": {"name": "test пост с автором", "description": "laptop", "photo": "post_images/37ec8dfd76408ccb7978cb584e6b2527.jfif", "status": "Posted", "creator": 1, "likes": 3, "category": []}}, {"model": "core.category", "pk": 1, "fields": {"name": "Cпорт", "rating": 4}}, {"model": "core.category", "pk": 2, "fields": {"name": "Отдых", "rating": null}}, {"model": "core.comment", "pk": 1, "fields": {"post": 2, "comment_text": "Круто!", "likes_qty": 10, "created_at": "2023-08-02T06:04:19.562Z", "created_by": null}}, {"model": "core.comment", "pk": 2, "fields": {"post": 1, "comment_text": "Hello world", "likes_qty": 8, "created_at": "2023-08-09T00:02:09.205Z", "created_by": 1}}, {"model": "core.comment", "pk": 4, "fields": {"post": 1, "comment_text": "Нужно больше фото!", "likes_qty": 0, "created_at": "2023-08-17T06:02:47.981Z", "created_by": 3}}, {"model": "core.comment", "pk": 6, "fields": {"post": 1, "comment_text": "это не ИК", "likes_qty": 0, "created_at": "2023-08-21T04:48:09.042Z", "created_by": 1}}, {"model": "core.comment", "pk": 7, "fields": {"post": 1, "comment_text": "test comment from cbv", "likes_qty": 0, "created_at": "2023-08-22T04:25:06.280Z", "created_by": 1}}, {"model": "core.comment", "pk": 8, "fields": {"post": 1, "comment_text": "test comment from cbv 2", "likes_qty": 0, "created_at": "2023-08-22T04:26:07.413Z", "created_by": 1}}, {"model": "core.comment", "pk": 9, "fields": {"post": 1, "comment_text": "test comment from cbv 3", "likes_qty": 0, "created_at": "2023-08-22T04:29:59.630Z", "created_by": 1}}, {"model": "core.comment", "pk": 10, "fields": {"post": 1, "comment_text": "test  4", "likes_qty": 0, "created_at": "2023-08-22T04:46:40.331Z", "created_by": 1}}, {"model": "core.short", "pk": 1, "fields": {"user": 2, "video": "video_post/bandicam_2023-07-12_10-01-08-812.mp4", "created_at": "2023-08-04T04:52:57.084Z", "views_qty": 40, "description": null, "viewed_users": [1]}}, {"model": "core.short", "pk": 2, "fields": {"user": 1, "video": "video_post/bandicam_2023-08-02_19-05-19-554.mp4", "created_at": "2023-08-04T04:53:09.000Z", "views_qty": 10, "description": null, "viewed_users": [1, 2, 3]}}, {"model": "core.short", "pk": 3, "fields": {"user": 1, "video": "video_post/bandicam_2023-07-12_10-01-08-812_gUv7F56.mp4", "created_at": "2023-08-10T03:22:13.903Z", "views_qty": 6, "description": "test 234234", "viewed_users": [1]}}, {"model": "core.savedposts", "pk": 1, "fields": {"user": 1, "post": [1, 3, 4]}}, {"model": "core.notification", "pk": 1, "fields": {"user": 1, "text": "Пользователь test подписался на вас", "is_showed": true}}, {"model": "core.notification", "pk": 2, "fields": {"user": 1, "text": "Вы успешно получили первое уведомление!", "is_showed": true}}, {"model": "core.notification", "pk": 3, "fields": {"user": 1, "text": "Пользователь test1 подписался на вас!", "is_showed": true}}, {"model": "core.notification", "pk": 4, "fields": {"user": 1, "text": "Пользователь test1 подписался на вас!", "is_showed": true}}, {"model": "core.notification", "pk": 5, "fields": {"user": 1, "text": "Пользователь test1 подписался на вас!", "is_showed": true}}, {"model": "core.notification", "pk": 6, "fields": {"user": 1, "text": "Пользователь test1 подписался на вас!", "is_showed": true}}, {"model": "core.notification", "pk": 7, "fields": {"user": 1, "text": "test1 лайкнул ваш пост с id 1 ", "is_showed": true}}, {"model": "core.notification", "pk": 8, "fields": {"user": 1, "text": "admin лайкнул ваш пост с id 1 ", "is_showed": true}}, {"model": "core.notification", "pk": 9, "fields": {"user": 1, "text": "admin лайкнул ваш пост с id 1 ", "is_showed": true}}, {"model": "core.notification", "pk": 10, "fields": {"user": 1, "text": "admin лайкнул ваш пост с id 1 ", "is_showed": true}}, {"model": "core.notification", "pk": 11, "fields": {"user": 1, "text": "admin лайкнул ваш пост с id 1 ", "is_showed": true}}, {"model": "core.notification", "pk": 12, "fields": {"user": 1, "text": "admin лайкнул ваш пост с id 1 ", "is_showed": true}}, {"model": "core.notification", "pk": 13, "fields": {"user": 1, "text": "admin лайкнул ваш пост с id 1 ", "is_showed": true}}, {"model": "core.notification", "pk": 14, "fields": {"user": 1, "text": "test1 оставил комментарий", "is_showed": true}}, {"model": "core.notification", "pk": 15, "fields": {"user": 1, "text": "admin лайкнул ваш пост с id 11 ", "is_showed": true}}, {"model": "core.notification", "pk": 16, "fields": {"user": 1, "text": "admin лайкнул ваш пост с id 11 ", "is_showed": true}}, {"model": "core.notification", "pk": 17, "fields": {"user": 1, "text": "admin лайкнул ваш пост с id 11 ", "is_showed": true}}, {"model": "core.notification", "pk": 18, "fields": {"user": 1, "text": "admin оставил комментарий", "is_showed": true}}, {"model": "core.notification", "pk": 19, "fields": {"user": 1, "text": "admin оставил комментарий", "is_showed": true}}, {"model": "core.notification", "pk": 20, "fields": {"user": 1, "text": "admin оставил комментарий", "is_showed": true}}, {"model": "core.notification", "pk": 21, "fields": {"user": 1, "text": "admin оставил комментарий", "is_showed": true}}, {"model": "core.notification", "pk": 22, "fields": {"user": 1, "text": "admin оставил комментарий", "is_showed": true}}, {"model": "core.notification", "pk": 23, "fields": {"user": 1, "text": "admin лайкнул ваш пост с id 1 ", "is_showed": true}}, {"model": "core.notification", "pk": 24, "fields": {"user": 1, "text": "admin лайкнул ваш пост с id 1 ", "is_showed": true}}, {"model": "core.notification", "pk": 25, "fields": {"user": 1, "text": "admin лайкнул ваш пост с id 1 ", "is_showed": true}}, {"model": "core.notification", "pk": 26, "fields": {"user": 1, "text": "admin лайкнул ваш пост с id 1 ", "is_showed": true}}, {"model": "core.notification", "pk": 27, "fields": {"user": 1, "text": "admin лайкнул ваш пост с id 1 ", "is_showed": true}}, {"model": "core.notification", "pk": 28, "fields": {"user": 1, "text": "admin лайкнул ваш пост с id 1 ", "is_showed": true}}, {"model": "core.notification", "pk": 29, "fields": {"user": 1, "text": "admin лайкнул ваш пост с id 1 ", "is_showed": true}}, {"model": "core.notification", "pk": 30, "fields": {"user": 1, "text": "admin оставил комментарий", "is_showed": true}}, {"model": "core.notification", "pk": 31, "fields": {"user": 2, "text": "Пользователь admin подписался на вас!", "is_showed": false}}]